{"cameraMode":{"drawMode":0,"name":"Shaded","section":"Shading Mode"},"sceneLighting":true,"audioPlay":false,"sceneViewState":{"showFog":true,"showMaterialUpdate":true,"showSkybox":true,"showFlares":true,"showImageEffects":true,"showParticleSystems":true},"in2DMode":false,"pivot":{"x":25.912639617919923,"y":26.9033145904541,"z":48.366268157958987},"rotation":{"x":-0.2721910774707794,"y":-0.5418079495429993,"z":0.19104747474193574,"w":-0.7719308733940125},"size":1.386565923690796,"orthographic":false}